,Year,Country,Ocurrences,Precipitation,Temperature,Entity,Urban (%),Rural (%)
0,1991,AUS,31,37.91295333333333,22.172074999999996,Australia,85.40299999999999,14.597000000000001
1,1991,BRA,2,139.38148333333334,25.10011666666666,Brazil,74.69,25.309998999999998
2,1991,COL,1,173.87368333333336,24.54563333333333,Colombia,69.949,30.051001
3,1991,FJI,4,223.55636666666666,24.151858333333337,Fiji,42.381,57.618999
4,1991,GUF,1,218.72751666666667,25.670833333333334,French Guiana,75.115,24.885
5,1991,IND,1,83.86938333333332,24.220583333333327,India,25.778000000000002,74.222
6,1991,ITA,17,74.369725,11.6815675,Italy,66.706,33.293999
7,1991,MAC,1,139.3112125,23.240849999999995,Macao,99.805,0.19499999
8,1991,MEX,1,63.625225,21.018241666666665,Mexico,71.816,28.184
9,1991,MYS,1,228.28166666666667,25.663675,Malaysia,50.576,49.424
10,1991,NGA,8,99.95170333333334,26.918441666666666,Nigeria,30.176,69.82399699999999
11,1991,NPL,1,92.37409583333334,12.047411666666667,Nepal,9.18,90.82
12,1991,PRI,1,137.89644166666668,25.380858333333332,Puerto Rico,93.10600000000001,6.894000099999999
13,1991,THA,4,116.90801499999999,26.98845833333333,Thailand,29.593000000000004,70.406998
14,1991,TTO,1,131.43701666666666,26.223883333333333,Trinidad and Tobago,54.308,45.692001
15,1991,USA,105,57.11594166666668,7.554736666666666,United States,75.70100000000001,24.299
16,1991,ZAF,11,42.27556416666666,17.816391666666668,South Africa,52.553999999999995,47.445999
17,1992,ALB,1,60.177775000000004,11.429765833333335,Albania,37.249,62.750999
18,1992,AUS,58,37.335425,21.585058333333333,Australia,85.285,14.715
19,1992,BRA,1,140.46835833333333,24.911716666666663,Brazil,75.444,24.555999999999997
20,1992,CUB,2,92.76908333333334,25.612299999999994,Cuba,73.827,26.173000000000002
21,1992,DJI,2,24.946895833333333,27.635458333333332,Djibouti,76.161,23.839001
22,1992,FJI,3,174.17853333333332,23.914375000000003,Fiji,43.156000000000006,56.844002
23,1992,GUF,3,206.32176833333332,25.441783333333337,French Guiana,75.584,24.416
24,1992,IDN,14,223.57000000000002,26.08745,Indonesia,32.703,67.29699699999999
25,1992,IND,5,76.0071075,24.114783333333335,India,25.984,74.015999
26,1992,ITA,6,78.93764166666666,12.3673475,Italy,66.742,33.257999
27,1992,JPN,3,125.505275,11.013124999999997,Japan,77.61,22.389999
28,1992,MYS,1,202.23299999999998,25.59018333333333,Malaysia,51.81399999999999,48.186001
29,1992,NZL,1,142.30575,8.945357499999998,New Zealand,85.103,14.897
30,1992,PNG,5,223.83691666666667,25.233841666666663,Papua New Guinea,14.629000000000001,85.371002
31,1992,PRI,3,189.00084166666667,25.456658333333337,Puerto Rico,93.26700000000001,6.732999799999999
32,1992,THA,6,110.53786749999999,26.535533333333333,Thailand,29.763,70.237
33,1992,TTO,1,124.30627500000001,26.04623333333333,Trinidad and Tobago,54.49100000000001,45.508998999999996
34,1992,USA,218,56.55266666666666,7.047419166666667,United States,76.097,23.903000000000002
35,1992,VEN,31,134.04484166666668,25.323875,Venezuela,85.012,14.988
36,1993,BRA,16,141.61453333333336,25.024808333333336,Brazil,76.181,23.819000000000003
37,1993,CIV,2,106.500975,26.395725,Cote d'Ivoire,40.461,59.539001
38,1993,COM,2,125.82076666666666,25.291758333333334,Comoros,28.39,71.610001
39,1993,DOM,1,116.32403333333332,24.05591666666666,Dominican Republic,56.037,43.963001
40,1993,GUF,1,245.8501,25.362458333333336,French Guiana,76.046,23.954
41,1993,IDN,4,213.99808333333337,26.03969166666667,Indonesia,33.808,66.192001
42,1993,IND,3,82.41651749999998,24.34120833333333,India,26.191,73.808998
43,1993,ITA,8,73.34761666666667,12.056321666666667,Italy,66.80199999999999,33.198002
44,1993,MEX,6,63.70541499999999,21.179783333333333,Mexico,72.598,27.401999999999997
45,1993,MYS,8,242.0623333333333,25.523,Malaysia,53.108999999999995,46.890999
46,1993,PAK,2,19.895220833333333,20.4492175,Pakistan,31.329,68.670998
47,1993,PAN,1,191.82855000000004,25.819950000000002,Panama,56.456,43.543999
48,1993,PRI,14,155.91041666666666,25.517,Puerto Rico,93.42399999999999,6.576000200000001
49,1993,PYF,2,156.04896666666664,24.556758333333338,French Polynesia,57.123999999999995,42.875999
50,1993,THA,1,110.94619416666667,26.57545,Thailand,29.934,70.066002
51,1993,USA,181,59.04463333333333,7.082420833333334,United States,76.488,23.511999
52,1994,AUS,1,27.977292499999994,21.729275,Australia,85.02799999999999,14.972000000000001
53,1994,BRA,21,152.1586,25.131625,Brazil,76.903,23.096999999999998
54,1994,CHN,1,48.88696666666667,7.011859166666667,China,30.024,69.975998
55,1994,DOM,2,98.09586666666667,24.535591666666665,Dominican Republic,56.751999999999995,43.248001
56,1994,GUF,8,247.16003333333333,25.30158333333333,French Guiana,76.502,23.497999
57,1994,IND,2,95.7757758333333,24.2381,India,26.399,73.600998
58,1994,ITA,21,74.19659166666668,12.956545000000004,Italy,66.862,33.138000000000005
59,1994,MEX,2,52.654783333333334,21.364383333333333,Mexico,72.985,27.014999
60,1994,MYS,22,260.32408333333336,25.585683333333336,Malaysia,54.402,45.598
61,1994,NIC,2,156.22650000000002,25.285683333333335,Nicaragua,54.183,45.817001
62,1994,PAK,1,35.6005225,20.1686375,Pakistan,31.581999999999997,68.417999
63,1994,PYF,1,140.66675833333335,24.601483333333334,French Polynesia,56.881,43.118999
64,1994,TTO,13,131.32846666666669,26.32036666666666,Trinidad and Tobago,54.857,45.143002
65,1994,USA,72,55.63131666666666,7.3605833333333335,United States,76.875,23.125
66,1994,VNM,3,175.30154166666668,24.657141666666664,Vietnam,21.774,78.225998
67,1995,ARG,2,39.62055833333333,14.381900000000002,Argentina,88.164,11.835999999999999
68,1995,AUS,4,43.84118833333334,21.607808333333335,Australia,84.898,15.102
69,1995,BRA,6,148.73555833333333,25.370649999999998,Brazil,77.61,22.389999
70,1995,COL,3,229.3625916666667,24.59575,Colombia,71.777,28.223000000000003
71,1995,CUB,4,129.25592500000002,25.77746666666667,Cuba,74.277,25.723000000000003
72,1995,GTM,22,248.65060000000003,23.740441666666666,Guatemala,43.653999999999996,56.346001
73,1995,HND,2,188.47593333333336,23.96919166666666,Honduras,42.941,57.058997999999995
74,1995,IDN,16,257.61949999999996,26.093841666666666,Indonesia,36.076,63.924
75,1995,IND,3,88.81776750000002,24.369850000000003,India,26.607,73.39299799999999
76,1995,ITA,1,77.19413333333333,11.934774999999997,Italy,66.922,33.077999
77,1995,JAM,4,197.94111666666666,25.57455,Jamaica,50.615,49.384997999999996
78,1995,LBR,1,206.73441916666664,25.48483333333333,Liberia,45.96,54.040001000000004
79,1995,MEX,12,59.75343333333333,21.32385833333333,Mexico,73.368,26.631999999999998
80,1995,MYS,10,284.934,25.64965833333333,Malaysia,55.688,44.312
81,1995,NIC,1,234.93112499999998,25.19045,Nicaragua,54.437,45.563
82,1995,PAN,5,184.26056666666668,25.749683333333333,Panama,58.141000000000005,41.859001
83,1995,PHL,1,210.94842500000001,25.831200000000006,Philippines,46.56,53.439999
84,1995,SEN,10,54.595306666666666,28.30694166666667,Senegal,39.606,60.394001
85,1995,THA,18,132.85060666666666,26.531049999999997,Thailand,30.276,69.72399899999999
86,1995,TTO,3,113.67126666666667,26.7359,Trinidad and Tobago,55.04,44.959998999999996
87,1995,USA,83,56.65291666666667,7.464395833333334,United States,77.257,22.743000000000002
88,1996,ALB,1,91.31858750000002,11.242713333333333,Albania,39.473,60.527
89,1996,ARG,16,49.12181666666666,14.442928333333334,Argentina,88.366,11.634
90,1996,AUS,1,39.067566666666664,21.977449999999994,Australia,84.76700000000001,15.232999999999999
91,1996,BOL,1,85.58584083333334,20.751708333333333,Bolivia,59.681999999999995,40.318001
92,1996,BRA,7,150.52627499999997,25.112758333333336,Brazil,78.30199999999999,21.698
93,1996,CHN,4,49.02897666666667,6.407525,China,31.916,68.084
94,1996,CUB,3,118.05979166666668,25.077516666666668,Cuba,74.426,25.573999
95,1996,GRD,1,158.70815000000002,26.858324999999997,Grenada,34.714,65.28600300000001
96,1996,GTM,1,223.11211666666665,23.344416666666664,Guatemala,43.989,56.011002000000005
97,1996,IND,4,85.27123916666667,24.450816666666668,India,26.816999999999997,73.182999
98,1996,ITA,18,93.9979,11.784149999999999,Italy,66.982,33.018002
99,1996,JPN,1,112.74475833333334,10.600161666666667,Japan,78.145,21.855
100,1996,LKA,5,143.31158250000001,27.070916666666673,Sri Lanka,18.442,81.557999
101,1996,MEX,44,58.614399166666665,21.216716666666667,Mexico,73.67,26.33
102,1996,MTQ,1,296.135875,25.263074999999997,Martinique,88.815,11.185
103,1996,PER,1,133.045475,19.21454166666667,Peru,71.377,28.622999
104,1996,PRI,3,138.76615833333332,25.12669166666667,Puerto Rico,93.876,6.1240001
105,1996,PYF,6,140.84704166666666,24.212416666666666,French Polynesia,56.393,43.606998
106,1996,SEN,10,55.16189000000001,28.651275,Senegal,39.749,60.250999
107,1996,SGP,2,234.82874999999999,27.68301666666667,Singapore,100.0,0.0
108,1996,TTO,2,133.74215833333332,26.32524166666667,Trinidad and Tobago,55.224,44.776001
109,1996,TWN,8,2608.1,22.1,Taiwan,68.681,31.319000000000003
110,1996,USA,36,58.60108333333332,6.724854166666666,United States,77.63600000000001,22.364
111,1996,VNM,1,160.02798333333334,24.126791666666666,Vietnam,22.563000000000002,77.436996
112,1997,AUS,11,43.32812499999999,21.728008333333335,Australia,84.63600000000001,15.364
113,1997,BGD,1,192.99324083333332,24.836016666666666,Bangladesh,22.438000000000002,77.561996
114,1997,BLZ,1,166.86270833333333,26.10524166666666,Belize,46.003,53.997002
115,1997,BOL,2,92.23953333333334,21.15235,Bolivia,60.211999999999996,39.787997999999995
116,1997,BRA,10,149.63879999999997,25.429391666666664,Brazil,79.048,20.951999999999998
117,1997,CHN,1,46.80834166666667,6.876461666666668,China,32.883,67.116997
118,1997,CIV,1,100.12405333333335,26.60761666666666,Cote d'Ivoire,41.964,58.035999
119,1997,COL,2,198.26716666666664,24.585916666666666,Colombia,72.66199999999999,27.337999
120,1997,CRI,1,246.9430583333333,50.50806666666666,Costa Rica,56.367,43.632999
121,1997,CUB,16,106.7138833333333,25.848975000000006,Cuba,74.618,25.381999999999998
122,1997,CYM,1,80.41665,27.708316666666665,Cayman Islands,100.0,0.0
123,1997,GAB,1,150.43887583333336,24.868641666666665,Gabon,76.49,23.51
124,1997,GUF,10,214.69952500000002,25.827924999999997,French Guiana,77.833,22.166999999999998
125,1997,IDN,4,182.99215,26.179975,Indonesia,38.406,61.594002
126,1997,IND,64,85.70254583333333,23.976675,India,27.028000000000002,72.972
127,1997,ITA,1,70.96001666666668,12.4885775,Italy,67.042,32.958
128,1997,MEX,15,58.64447499999999,21.037233333333333,Mexico,73.929,26.070999
129,1997,PRI,1,117.42307499999998,25.252191666666672,Puerto Rico,94.02,5.98
130,1997,PYF,42,128.19029166666667,24.300116666666664,French Polynesia,56.285,43.715
131,1997,THA,3,113.96942666666666,26.65109166666667,Thailand,30.622,69.377998
132,1997,USA,176,55.73578333333334,7.071867500000001,United States,78.008,21.992001000000002
133,1997,VEN,3,149.07527499999998,25.785108333333337,Venezuela,86.65,13.35
134,1998,ARG,7,49.94856666666666,14.514306666666668,Argentina,88.759,11.241
135,1998,BGD,1,232.12705166666663,25.519816666666667,Bangladesh,22.818,77.181999
136,1998,BOL,1,83.3689525,21.2537,Bolivia,60.739,39.261002000000005
137,1998,BRA,18,144.08468333333337,25.769966666666665,Brazil,79.781,20.219
138,1998,CHN,1,53.602606666666674,7.497014999999998,China,33.867,66.133003
139,1998,CIV,3,107.22634166666667,27.15721666666667,Cote d'Ivoire,42.342,57.658001
140,1998,COL,1,230.400875,24.894724999999998,Colombia,73.098,26.901999999999997
141,1998,CUB,1,94.43490833333334,26.051075,Cuba,74.855,25.145
142,1998,CYM,1,107.51623333333335,28.058283333333332,Cayman Islands,100.0,0.0
143,1998,GUF,16,197.57028333333335,26.351433333333336,French Guiana,78.265,21.735001
144,1998,HND,1,165.85251416666665,24.318258333333333,Honduras,44.446999999999996,55.553001
145,1998,IDN,10,258.63166666666666,26.61621666666667,Indonesia,39.593,60.407001
146,1998,IND,7,92.80697416666669,24.69071666666667,India,27.24,72.760002
147,1998,LKA,2,116.44423666666667,27.726883333333337,Sri Lanka,18.410999999999998,81.58899699999999
148,1998,MDG,1,142.41864166666664,23.023625,Madagascar,26.586,73.414001
149,1998,MEX,29,63.3633975,21.46105,Mexico,74.186,25.813999
150,1998,MTQ,1,296.5068416666667,25.97905,Martinique,89.56299999999999,10.437000000000001
151,1998,MYS,2,243.29568333333336,26.24469166666667,Malaysia,59.496,40.504002
152,1998,NGA,1,95.94707083333333,27.633041666666667,Nigeria,33.773,66.226997
153,1998,PER,6,122.11514166666666,20.376425,Peru,72.21600000000001,27.784000000000002
154,1998,PRI,13,227.22775,25.52610833333333,Puerto Rico,94.161,5.8390002
155,1998,PYF,1,148.20029166666666,24.64075,French Polynesia,56.205,43.794998
156,1998,SGP,2,222.49595833333333,28.21420833333333,Singapore,100.0,0.0
157,1998,THA,12,120.93018083333334,27.36908333333334,Thailand,30.795,69.20500200000001
158,1998,TTO,7,150.06406666666666,27.028783333333337,Trinidad and Tobago,55.589,44.410999
159,1998,TWN,5,2103.1,22.2,Taiwan,69.27600000000001,30.724001
160,1998,USA,62,60.167575,8.116794999999998,United States,78.377,21.622999
161,1998,VEN,2,196.81162499999996,26.14725,Venezuela,86.959,13.040999999999999
162,1998,VNM,56,147.69554166666666,25.339174999999994,Vietnam,23.371,76.628998
163,1999,ARG,5,49.68379166666667,14.252250000000002,Argentina,88.95200000000001,11.048
164,1999,AUS,11,48.25618333333333,21.734491666666667,Australia,84.37,15.63
165,1999,BFA,1,70.86599249999999,28.406750000000002,Burkina Faso,17.166,82.834
166,1999,BOL,1,90.58042416666667,20.64154166666667,Bolivia,61.263999999999996,38.736
167,1999,BRA,37,150.74895000000004,25.215625000000003,Brazil,80.49600000000001,19.504
168,1999,CRI,5,252.98209999999997,48.51748333333333,Costa Rica,58.157,41.842999
169,1999,CUB,7,99.87429166666665,25.563158333333334,Cuba,75.089,24.910999
170,1999,CYM,3,108.59156666666667,27.283316666666668,Cayman Islands,100.0,0.0
171,1999,FRA,2,81.85230833333334,11.688708333333336,France,75.61399999999999,24.386
172,1999,IDN,2,256.47766666666666,26.091350000000002,Indonesia,40.792,59.208
173,1999,IND,18,81.99909416666667,24.55801666666666,India,27.453000000000003,72.54699699999999
174,1999,JPN,2,143.91830833333333,11.606103333333332,Japan,78.523,21.476999
175,1999,LKA,1,149.00295000000003,26.962116666666663,Sri Lanka,18.396,81.603996
176,1999,MDG,1,114.23371666666667,22.820758333333334,Madagascar,26.853,73.147003
177,1999,MEX,52,63.8535075,20.946141666666666,Mexico,74.441,25.559
178,1999,MYS,5,296.89125,25.63008333333333,Malaysia,60.742,39.257999
179,1999,PER,8,147.438075,19.329941666666667,Peru,72.631,27.368999
180,1999,PHL,9,270.4010833333333,25.799633333333333,Philippines,46.22,53.779999
181,1999,REU,18,108.23538333333333,30.56765833333333,Reunion,89.55799999999999,10.442
182,1999,SEN,3,71.64084333333334,28.171783333333334,Senegal,40.177,59.823002
183,1999,TTO,5,149.24263333333334,26.72084166666667,Trinidad and Tobago,55.771,44.229
184,1999,TWN,5,2658.3,22.2,Taiwan,69.572,30.427999
185,1999,USA,70,52.237500000000004,7.2740800000000005,United States,78.742,21.257998999999998
186,1999,VNM,3,186.9282916666667,24.304924999999997,Vietnam,23.816999999999997,76.182999
187,2000,ARG,6,58.14715833333333,13.869855833333332,Argentina,89.14200000000001,10.857999999999999
188,2000,AUS,5,56.68749166666666,21.340283333333335,Australia,84.235,15.765
189,2000,BGD,4,202.79699916666672,24.84125,Bangladesh,23.59,76.410004
190,2000,BRA,45,162.30373333333333,25.198925,Brazil,81.192,18.808001
191,2000,CIV,1,106.7123125,26.492825,Cote d'Ivoire,43.155,56.845001
192,2000,CUB,10,105.07359166666667,25.584733333333332,Cuba,75.32300000000001,24.677
193,2000,CYM,5,93.49148333333335,27.474991666666668,Cayman Islands,100.0,0.0
194,2000,FRA,1,79.7137,12.095233333333333,France,75.87100000000001,24.129
195,2000,GHA,4,84.58591750000001,27.56595833333333,Ghana,43.928999999999995,56.070999
196,2000,HND,2,147.15542833333333,23.606916666666663,Honduras,45.458,54.542
197,2000,IDN,1,259.2041666666667,26.072324999999996,Indonesia,42.001999999999995,57.998001
198,2000,IND,6,79.60477416666666,24.48335833333333,India,27.666999999999998,72.333
199,2000,ITA,28,76.38301666666666,12.783755833333336,Italy,67.222,32.778
200,2000,JPN,18,127.72956666666666,11.373478333333333,Japan,78.649,21.351
201,2000,MEX,3,60.39754833333333,21.15475,Mexico,74.722,25.278000000000002
202,2000,MMR,1,181.5067275,22.875741666666666,Myanmar,27.025,72.974998
203,2000,PER,12,137.840375,19.526858333333333,Peru,73.042,26.958000000000002
204,2000,REU,2,113.61726999999998,30.751125000000002,Reunion,91.169,8.831000300000001
205,2000,SEN,2,62.72593083333333,28.414241666666666,Senegal,40.32,59.68
206,2000,SGP,2,233.11799999999997,27.658841666666664,Singapore,100.0,0.0
207,2000,SLV,1,139.20242166666668,24.125841666666663,El Salvador,58.912,41.088001
208,2000,THA,9,145.35329166666665,26.38031666666667,Thailand,31.386,68.613998
209,2000,TTO,1,144.97217500000002,26.433324999999996,Trinidad and Tobago,55.905,44.095001
210,2000,TWN,10,2417.4,21.5,Taiwan,69.866,30.134001
211,2000,USA,96,52.55751666666666,7.486061666666665,United States,79.057,20.943001000000002
212,2000,VEN,2,173.74425,25.513791666666666,Venezuela,87.559,12.440999999999999
213,2000,VNM,10,152.41450833333334,24.332158333333336,Vietnam,24.374000000000002,75.625999
214,2001,ALB,1,64.44444166666666,12.350882500000003,Albania,42.435,57.564999
215,2001,ARG,5,56.83104166666667,14.523695833333333,Argentina,89.329,10.671
216,2001,AUS,5,41.62895833333333,21.4042,Australia,84.1,15.9
217,2001,BGD,4,156.5073375,25.551808333333337,Bangladesh,24.096,75.903999
218,2001,BRA,106,149.03119999999998,25.4739,Brazil,81.553,18.447001
219,2001,CHN,1,45.65065833333333,7.1039708333333325,China,37.093,62.907001
220,2001,CIV,9,118.42001583333332,26.3721,Cote d'Ivoire,43.568000000000005,56.431999
221,2001,COL,5,210.863475,24.511683333333337,Colombia,74.37899999999999,25.621
222,2001,CUB,12,123.750975,25.702591666666667,Cuba,75.555,24.445
223,2001,CYM,2,105.01639166666666,27.633325000000003,Cayman Islands,100.0,0.0
224,2001,FJI,1,212.34895833333334,24.274483333333333,Fiji,48.3,51.700001
225,2001,GIN,16,127.30721333333334,26.190133333333335,Guinea,31.144000000000002,68.856003
226,2001,IDN,1,245.60933333333335,26.196933333333334,Indonesia,42.783,57.216999
227,2001,IND,5,76.078865,24.579908333333336,India,27.918000000000003,72.082001
228,2001,ITA,2,70.093225,12.66019666666667,Italy,67.282,32.717999
229,2001,KHM,21,168.24929999999998,27.675691666666665,Cambodia,18.703,81.29699699999999
230,2001,LBN,1,47.42466666666667,17.373849166666666,Lebanon,86.118,13.882
231,2001,MEX,1,56.563449999999996,20.916500000000003,Mexico,75.045,24.955
232,2001,MMR,1,90.03907666666665,23.317741666666667,Myanmar,27.208000000000002,72.792
233,2001,MTQ,1,209.3601,25.543691666666664,Martinique,89.64,10.36
234,2001,MYS,2,256.99958333333336,25.860366666666668,Malaysia,62.922,37.077999
235,2001,PAN,3,254.81094999999996,25.515199999999997,Panama,62.497,37.502998
236,2001,PER,2,136.040025,19.376050000000003,Peru,73.44800000000001,26.552
237,2001,THA,1,125.99069666666668,26.802266666666664,Thailand,32.548,67.452003
238,2001,USA,77,52.925091666666674,7.6505275,United States,79.234,20.766001
239,2001,VEN,5,130.17874166666667,25.987566666666662,Venezuela,87.85,12.15
240,2001,VNM,1,174.0089416666667,24.57453333333333,Vietnam,24.936999999999998,75.063004
241,2002,ARG,7,59.436041666666675,14.245260833333333,Argentina,89.51,10.49
242,2002,ASM,4,233.44958333333332,28.35331666666666,American Samoa,88.39399999999999,11.606
243,2002,AUS,3,27.311114999999997,22.096458333333334,Australia,84.22200000000001,15.777999999999999
244,2002,BRA,71,150.94273333333334,25.725308333333334,Brazil,81.88,18.120001000000002
245,2002,CHN,12,50.8025,7.319756666666667,China,38.425,61.575001
246,2002,CMR,41,135.09178833333334,24.87178333333333,Cameroon,46.738,53.262001
247,2002,COK,1,139.77068333333332,24.442674999999994,Cook Islands,68.176,31.823999
248,2002,COL,1,250.04740833333332,24.68451666666667,Colombia,74.797,25.202999
249,2002,CUB,24,115.0527,26.054266666666667,Cuba,75.785,24.215
250,2002,CYM,3,131.499825,27.84998333333333,Cayman Islands,100.0,0.0
251,2002,GRD,12,120.39148333333334,27.066625,Grenada,35.913000000000004,64.086998
252,2002,HND,2,148.42046666666667,24.184983333333335,Honduras,46.61,53.389998999999996
253,2002,IDN,12,220.50574999999995,26.381433333333334,Indonesia,43.568000000000005,56.431999
254,2002,IND,73,69.65875083333333,24.852958333333333,India,28.244,71.755997
255,2002,ISR,1,23.013615833333333,20.718066666666665,Israel,91.33,8.6700001
256,2002,ITA,3,89.66533333333332,12.7962975,Italy,67.382,32.618
257,2002,KEN,4,61.822183333333335,25.543216666666666,Kenya,20.590999999999998,79.408997
258,2002,KHM,10,155.49902083333333,27.900724999999994,Cambodia,18.82,81.18
259,2002,MEX,25,60.54169916666667,21.099425,Mexico,75.365,24.635
260,2002,NGA,3,92.82766916666667,27.19683333333333,Nigeria,36.508,63.492001
261,2002,PAN,2,206.06230833333333,25.677691666666664,Panama,62.794,37.206001
262,2002,PER,16,139.62527500000002,19.71593333333333,Peru,73.85,26.15
263,2002,SEN,5,41.89363083333333,28.78549166666667,Senegal,40.607,59.393002
264,2002,SLV,3,126.20761416666664,24.606233333333336,El Salvador,60.013999999999996,39.986
265,2002,THA,17,132.51970666666665,26.9209,Thailand,33.734,66.265999
266,2002,TTO,40,130.8697,26.25493333333333,Trinidad and Tobago,55.53,44.470001
267,2002,TWN,1,2252.7,22.4,Taiwan,70.789,29.211
268,2002,USA,48,52.435325000000006,7.791960833333334,United States,79.40899999999999,20.590999999999998
269,2002,VNM,2,176.02839166666664,24.767866666666666,Vietnam,25.511,74.488998
270,2003,ARG,2,45.55464166666666,14.695490000000001,Argentina,89.686,10.314
271,2003,AUS,7,38.8508,22.092558333333333,Australia,84.34299999999999,15.657
272,2003,BRA,80,140.86915833333333,25.559925000000003,Brazil,82.20299999999999,17.797001
273,2003,COL,3,247.02356666666662,24.724725000000003,Colombia,75.211,24.789
274,2003,CUB,9,117.19405833333333,26.08811666666666,Cuba,75.947,24.052999
275,2003,IDN,14,253.33841666666663,26.278425,Indonesia,44.356,55.644001
276,2003,IND,6,82.1387275,24.611316666666667,India,28.572,71.428001
277,2003,ITA,5,67.54843333333334,13.205282500000001,Italy,67.501,32.499001
278,2003,KOR,1,175.9287416666667,11.3180375,South Korea,80.652,19.348
279,2003,LBN,3,73.10286166666667,16.881138333333332,Lebanon,86.366,13.634
280,2003,MEX,18,63.26632,21.1657,Mexico,75.682,24.318001000000002
281,2003,NCL,1,123.37297500000001,22.21088333333333,New Caledonia,62.986999999999995,37.013000000000005
282,2003,NIC,2,203.67915000000002,25.468975000000004,Nicaragua,55.633,44.367001
283,2003,PER,1,153.27480833333334,19.713399999999996,Peru,74.249,25.750999
284,2003,PYF,5,86.99010833333334,24.760316666666668,French Polynesia,56.242,43.757999
285,2003,SEN,7,71.3088975,28.752733333333328,Senegal,40.898,59.102001
286,2003,THA,10,123.61903333333332,26.84268333333333,Thailand,34.941,65.058998
287,2003,TTO,7,100.87507833333332,26.965441666666663,Trinidad and Tobago,55.343,44.657001
288,2003,USA,48,54.93520833333334,7.729511666666666,United States,79.583,20.417
289,2003,VEN,29,173.98046666666667,26.28120833333333,Venezuela,87.902,12.097999999999999
290,2003,VNM,6,133.43730000000002,24.79688333333333,Vietnam,26.092,73.907997
291,2004,AFG,1,23.369001666666662,14.59566166666667,Afghanistan,22.5,77.5
292,2004,ARG,4,44.153825000000005,14.657501666666667,Argentina,89.86,10.14
293,2004,AUS,6,40.22291666666667,21.927008333333333,Australia,84.463,15.537
294,2004,BOL,1,90.11283333333331,21.117291666666663,Bolivia,63.711000000000006,36.289001
295,2004,BRA,81,149.41277499999998,25.45311666666667,Brazil,82.521,17.479
296,2004,CHN,2,45.39415833333334,7.335155833333334,China,41.144,58.855999
297,2004,CMR,4,128.7326,25.19334166666667,Cameroon,47.94,52.060001
298,2004,COL,13,241.37505000000002,24.542833333333334,Colombia,75.62,24.379998999999998
299,2004,CUB,10,90.72083333333335,25.77495833333333,Cuba,76.041,23.959
300,2004,ESP,3,46.35381666666667,13.830725000000003,Spain,77.02199999999999,22.978001000000003
301,2004,GIN,1,143.78389333333334,26.529750000000003,Guinea,31.976999999999997,68.023003
302,2004,GTM,1,187.08677500000002,24.296391666666665,Guatemala,46.61600000000001,53.383998999999996
303,2004,HRV,2,97.83178333333335,10.938498333333335,Croatia,54.147,45.853001
304,2004,HTI,1,118.26414166666666,25.091875,Haiti,41.678999999999995,58.320999
305,2004,IDN,25,229.427,26.199866666666665,Indonesia,45.148999999999994,54.851002
306,2004,IND,19,78.13222333333333,24.621191666666665,India,28.903000000000002,71.097
307,2004,ITA,1,77.87848333333334,12.429164166666668,Italy,67.62,32.380001
308,2004,JPN,4,138.62288333333333,11.97146,Japan,84.64,15.36
309,2004,KEN,5,55.52222499999999,25.219066666666667,Kenya,21.31,78.690002
310,2004,KHM,1,145.19336916666666,27.644416666666668,Cambodia,19.055,80.945
311,2004,MEX,12,70.37776166666667,20.946041666666666,Mexico,75.997,24.003
312,2004,MYS,7,242.1699166666667,25.764325,Malaysia,65.694,34.306
313,2004,NPL,1,108.2601075,13.202419166666667,Nepal,14.841,85.158997
314,2004,PER,1,143.92064166666663,19.709783333333334,Peru,74.64399999999999,25.356001000000003
315,2004,PHL,1,193.19024166666668,25.912224999999996,Philippines,45.795,54.205002
316,2004,PRI,2,211.5486583333333,24.958766666666666,Puerto Rico,94.16799999999999,5.8319998
317,2004,PYF,1,142.450825,24.56073333333333,French Polynesia,56.831,43.168999
318,2004,SEN,1,56.91904333333334,28.825075,Senegal,41.306000000000004,58.693999999999996
319,2004,SGP,1,211.71055,28.035683333333335,Singapore,100.0,0.0
320,2004,THA,23,116.54249166666666,26.725891666666666,Thailand,36.169000000000004,63.831001
321,2004,TON,2,138.54159166666668,25.249125000000003,Tonga,23.127,76.873001
322,2004,TTO,7,146.75265000000002,26.537983333333333,Trinidad and Tobago,55.155,44.845001
323,2004,TWN,5527,2308.7,22.1,Taiwan,71.797,28.202999
324,2004,UGA,1,95.76297500000003,23.85670833333333,Uganda,16.507,83.49299599999999
325,2004,URY,4,91.899225,17.979275,Uruguay,93.07799999999999,6.921999900000001
326,2004,USA,85,58.45208333333334,7.697465833333332,United States,79.757,20.243
327,2004,VEN,11,177.642375,25.9438,Venezuela,87.928,12.072000000000001
328,2004,VNM,10,134.8776,24.476975,Vietnam,26.683000000000003,73.317001
329,2005,ARG,10,44.928975,14.353645833333337,Argentina,90.031,9.968999900000002
330,2005,AUS,7,32.722225,22.535208333333333,Australia,84.58200000000001,15.418
331,2005,BOL,2,83.62560833333333,20.822416666666665,Bolivia,64.17,35.830002
332,2005,BRA,46,151.17853333333332,25.76221666666667,Brazil,82.834,17.166
333,2005,COL,8,242.10108333333332,24.656791666666663,Colombia,76.024,23.976
334,2005,COM,4,124.97055999999998,26.022108333333335,Comoros,27.875,72.125
335,2005,CRI,1,263.9614083333334,49.88361666666666,Costa Rica,65.672,34.327999
336,2005,CUB,13,141.53720833333333,25.618466666666663,Cuba,76.134,23.865999
337,2005,HRV,1,98.811325,10.443032500000001,Croatia,54.315,45.685001
338,2005,IDN,51,237.66850000000002,26.338391666666666,Indonesia,45.942,54.057999
339,2005,IND,5,82.42467333333333,24.41905,India,29.235,70.764999
340,2005,KEN,1,45.03726666666666,25.137466666666665,Kenya,21.675,78.324997
341,2005,LBN,1,43.98550666666666,16.32298583333333,Lebanon,86.62700000000001,13.373
342,2005,MEX,10,60.521866666666675,21.299633333333336,Mexico,76.308,23.691999
343,2005,NGA,2,87.13932333333332,27.459641666666666,Nigeria,39.074,60.925999
344,2005,NIC,1,209.8696833333333,25.342550000000003,Nicaragua,55.935,44.064999
345,2005,PER,3,123.33204166666665,19.56879166666667,Peru,75.03399999999999,24.965999999999998
346,2005,PRI,1,219.8423866666667,25.21885,Puerto Rico,94.11200000000001,5.888
347,2005,SEN,3,71.426585,28.89379166666666,Senegal,41.714,58.285999
348,2005,SGP,1,197.4446166666667,28.17578333333333,Singapore,100.0,0.0
349,2005,THA,104,126.4490875,27.01165833333333,Thailand,37.411,62.589001
350,2005,TTO,3,147.5513083333333,26.70698333333333,Trinidad and Tobago,54.967,45.033001
351,2005,TWN,5470,1842.7,22.0,Taiwan,72.292,27.708000000000002
352,2005,USA,27,54.87397500000001,7.909409166666666,United States,79.928,20.072001
353,2005,VNM,2,168.276125,24.654508333333336,Vietnam,27.281,72.719002
354,2006,ALB,5,80.09016666666666,11.502803333333334,Albania,47.815,52.185001
355,2006,ARG,5,45.01644166666666,14.817034999999999,Argentina,90.2,9.8000002
356,2006,AUS,12,38.174757500000005,21.88755833333333,Australia,84.7,15.3
357,2006,BGD,1,162.07658999999998,25.914549999999995,Bangladesh,27.517,72.483002
358,2006,BOL,11,98.89819999999999,20.912650000000003,Bolivia,64.628,35.372002
359,2006,BRA,27,154.036025,25.5526,Brazil,83.14299999999999,16.857
360,2006,CHN,2,45.66073083333333,7.4273308333333325,China,43.868,56.132
361,2006,CMR,3,135.84990833333333,24.97038333333333,Cameroon,49.143,50.856998
362,2006,COL,15,242.81096666666667,24.512016666666664,Colombia,76.423,23.576999999999998
363,2006,CRI,1,272.07011666666665,50.37503333333333,Costa Rica,66.935,33.064999
364,2006,CUB,19,101.47950833333334,25.789500000000004,Cuba,76.227,23.773001
365,2006,GAB,8,141.84672500000002,25.415699999999998,Gabon,83.10700000000001,16.893
366,2006,GLP,2,294.3156666666667,25.19333333333333,Guadeloupe,98.4,1.6
367,2006,GUF,1,225.52769999999998,25.790674999999997,French Guiana,81.499,18.500999
368,2006,IDN,38,222.6475,26.033450000000006,Indonesia,46.738,53.262001
369,2006,IND,27,90.63490333333333,24.725958333333335,India,29.569000000000003,70.431
370,2006,ITA,2,66.21384166666665,12.646172499999999,Italy,67.85600000000001,32.144001
371,2006,JPN,5,150.407825,11.290289999999999,Japan,87.118,12.882
372,2006,LKA,2,174.81614166666668,27.119924999999995,Sri Lanka,18.288,81.711998
373,2006,MDG,1,110.67482499999998,25.266775000000006,Madagascar,29.425,70.574997
374,2006,MEX,19,65.53325416666667,21.446991666666666,Mexico,76.616,23.384001
375,2006,MMR,1,96.46470500000002,23.202325,Myanmar,28.131999999999998,71.86799599999999
376,2006,MYS,1,266.6191666666667,25.683183333333332,Malaysia,67.483,32.516998
377,2006,MYT,6,132.04140833333332,26.593125,Mayotte,50.185,49.814999
378,2006,NGA,3,94.72667333333334,27.416808333333336,Nigeria,39.943000000000005,60.056999
379,2006,NLD,2,62.42683333333334,10.980283333333334,Netherlands,83.63600000000001,16.364
380,2006,PER,2,147.05069166666667,19.653616666666668,Peru,75.421,24.579
381,2006,PHL,2,200.16360833333331,26.003466666666665,Philippines,45.625,54.375
382,2006,PRI,4,199.7919666666667,25.188075,Puerto Rico,94.056,5.9439998
383,2006,PRY,5,96.89023333333334,23.933266666666665,Paraguay,57.96,42.040001000000004
384,2006,REU,5,196.69911666666664,31.404333333333337,Reunion,96.90700000000001,3.0929999
385,2006,SAU,1,5.504471666666666,25.4995,Saudi Arabia,81.204,18.796
386,2006,SEN,21,56.88137833333334,28.634416666666663,Senegal,42.123999999999995,57.875999
387,2006,THA,7,134.82380083333334,26.527749999999994,Thailand,38.673,61.327
388,2006,TTO,9,151.83516666666665,26.523458333333334,Trinidad and Tobago,54.778999999999996,45.221001
389,2006,TWN,1848,1498.9,21.6,Taiwan,72.782,27.218000000000004
390,2006,USA,11,54.000691666666675,7.9897775,United States,80.09899999999999,19.900999
391,2006,VEN,2,174.49945833333334,25.959508333333332,Venezuela,87.98,12.02
392,2006,VNM,35,145.97301666666667,24.79450833333333,Vietnam,27.888,72.112
393,2007,ARG,8,45.950483333333324,13.93362583333333,Argentina,90.366,9.633999800000002
394,2007,AUS,6,38.68557833333333,22.120391666666663,Australia,84.822,15.177999999999999
395,2007,BMU,1,125.0,21.574983333333332,Bermuda,100.0,0.0
396,2007,BOL,10,89.0700275,20.60375,Bolivia,65.082,34.917999
397,2007,BRA,68,140.70765833333334,25.641333333333336,Brazil,83.448,16.552
398,2007,CHN,5,46.28234,7.7049408333333345,China,45.199,54.800999
399,2007,CMR,42,147.03403333333335,25.092899999999997,Cameroon,49.746,50.254002
400,2007,COL,32,238.79651666666666,24.419208333333334,Colombia,76.816,23.184
401,2007,COM,2,101.844725,26.05015,Comoros,27.866999999999997,72.133003
402,2007,CRI,5,256.81,49.860683333333334,Costa Rica,68.17399999999999,31.826
403,2007,CUB,9,152.03505833333332,25.93070833333333,Cuba,76.32,23.68
404,2007,CYM,5,119.81649166666666,27.833299999999998,Cayman Islands,100.0,0.0
405,2007,GAB,41,184.823025,25.393241666666665,Gabon,83.742,16.257998999999998
406,2007,GEO,2,82.51787499999999,7.375985000000001,Georgia,54.379,45.620998
407,2007,IDN,26,251.17966666666666,26.025275000000004,Indonesia,47.535,52.465
408,2007,IND,27,89.05335583333334,24.626083333333337,India,29.906,70.094002
409,2007,ISR,14,17.1335375,20.43731666666667,Israel,91.641,8.3590002
410,2007,ITA,9,64.43435000000001,12.980279166666664,Italy,67.97399999999999,32.026001
411,2007,JPN,27,122.03390000000002,11.731965,Japan,88.146,11.854000000000001
412,2007,KEN,1,59.279333333333334,25.052925000000002,Kenya,22.42,77.58000200000001
413,2007,MDG,17,108.38512500000002,25.25208333333333,Madagascar,30.043000000000003,69.957001
414,2007,MDV,2,170.62701666666666,28.235541666666666,Maldives,35.2,64.800003
415,2007,MEX,15,64.36325916666665,21.027666666666665,Mexico,76.92,23.08
416,2007,MMR,1,105.09058583333335,22.873308333333338,Myanmar,28.319000000000003,71.681
417,2007,MUS,3,141.24206666666666,24.01291666666667,Mauritius,41.888999999999996,58.111000000000004
418,2007,MYS,13,279.887,25.611125,Malaysia,68.36,31.639999
419,2007,MYT,25,99.48769166666665,26.958658333333336,Mayotte,50.137,49.862999
420,2007,NIC,5,181.11960833333333,25.07205833333333,Nicaragua,56.328,43.672001
421,2007,PER,4,137.34704166666666,19.261241666666667,Peru,75.803,24.197001
422,2007,PHL,1,212.39722500000002,25.935191666666668,Philippines,45.54,54.459998999999996
423,2007,PRI,1,181.07876666666667,25.397049999999997,Puerto Rico,93.999,6.0009999
424,2007,PRY,5,88.93348166666665,23.521491666666673,Paraguay,58.286,41.714001
425,2007,REU,13,176.8998325,31.61874166666667,Reunion,97.416,2.5840001
426,2007,SAU,1,6.374645833333333,25.712458333333334,Saudi Arabia,81.42699999999999,18.573
427,2007,SEN,14,53.448420000000006,28.803008333333334,Senegal,42.535,57.465
428,2007,SLV,1,143.1405925,23.999566666666666,El Salvador,62.773999999999994,37.226002
429,2007,SVN,3,102.20470583333332,10.432219166666668,Slovenia,51.983000000000004,48.016998
430,2007,SYC,2,122.79769166666667,27.41045,Seychelles,52.285,47.715
431,2007,THA,29,136.15004166666665,26.355783333333335,Thailand,39.95,60.049999
432,2007,TTO,2,135.76816666666667,26.393600000000003,Trinidad and Tobago,54.59,45.41
433,2007,TWN,607,2211.8,22.0,Taiwan,73.266,26.733999
434,2007,URY,2,121.92355833333333,17.39389416666667,Uruguay,93.779,6.2210002
435,2007,USA,7,52.270716666666665,7.892488333333333,United States,80.26899999999999,19.731001000000003
436,2007,VEN,3,180.78201666666666,25.975708333333333,Venezuela,88.006,11.994000000000002
437,2007,VNM,57,160.03250833333334,24.417024999999995,Vietnam,28.504,71.496002
438,2008,ARG,17,42.70070833333333,14.818340000000001,Argentina,90.53,9.4700003
439,2008,AUS,17,38.33326416666667,21.792125,Australia,84.943,15.057
440,2008,BRA,34,158.56664999999998,25.300075000000003,Brazil,83.749,16.250999
441,2008,CIV,2,119.49906833333331,26.254658333333335,Cote d'Ivoire,46.49100000000001,53.508998999999996
442,2008,COL,12,265.9034166666666,24.178224999999998,Colombia,77.204,22.796
443,2008,CUB,16,126.29495833333334,25.418975000000003,Cuba,76.413,23.587
444,2008,CYM,1,90.46649166666667,27.249966666666662,Cayman Islands,100.0,0.0
445,2008,GLP,2,307.09891666666664,24.617949999999997,Guadeloupe,98.40299999999999,1.597
446,2008,GRC,2,44.837495,14.756064999999998,Greece,75.568,24.431998999999998
447,2008,GUF,1,229.60285000000002,25.689283333333332,French Guiana,82.23200000000001,17.768
448,2008,IDN,72,264.89124999999996,25.936925,Indonesia,48.335,51.665001000000004
449,2008,IND,17,86.87689333333333,24.462575,India,30.246,69.753998
450,2008,ITA,2,84.50744166666667,12.755206666666664,Italy,68.092,31.908001000000002
451,2008,KEN,7,55.679899999999996,24.963224999999998,Kenya,22.8,77.199997
452,2008,LAO,1,172.5781166666667,172.5781166666667,Laos,28.893,71.10700200000001
453,2008,LKA,15,164.54147500000002,27.034125,Sri Lanka,18.257,81.74299599999999
454,2008,MDG,17,123.48244166666667,25.581766666666667,Madagascar,30.67,69.33000200000001
455,2008,MEX,33,65.42082166666667,21.02133333333333,Mexico,77.222,22.778000000000002
456,2008,MMR,1,97.011525,23.112658333333332,Myanmar,28.506999999999998,71.49299599999999
457,2008,MTQ,4,263.75925,24.921066666666665,Martinique,89.14,10.86
458,2008,MYS,13,316.2796666666666,25.473791666666667,Malaysia,69.225,30.775
459,2008,NCL,2,161.49282500000004,22.488258333333334,New Caledonia,65.969,34.030998
460,2008,PAK,3,28.08312666666667,20.554893333333336,Pakistan,34.59,65.410004
461,2008,PER,8,140.13823333333335,19.435583333333337,Peru,76.05199999999999,23.948
462,2008,PHL,17,262.47716666666673,25.638516666666664,Philippines,45.455,54.544998
463,2008,PRI,2,185.6842333333333,24.969025,Puerto Rico,93.94200000000001,6.058000099999999
464,2008,REU,5,157.47225,31.450383333333335,Reunion,97.844,2.1559999
465,2008,SAU,1,4.440862499999999,25.451933333333333,Saudi Arabia,81.649,18.351
466,2008,SDN,1,37.58301583333333,28.289025,Sudan,32.919000000000004,67.081001
467,2008,SEN,10,66.87027333333333,28.727266666666665,Senegal,42.946999999999996,57.053001
468,2008,SGP,12,230.81908333333334,27.699375000000003,Singapore,100.0,0.0
469,2008,SYC,3,122.80086666666666,27.234133333333332,Seychelles,52.619,47.381001
470,2008,THA,53,139.84541666666667,26.068966666666665,Thailand,41.242,58.757999
471,2008,TTO,7,133.04754166666666,26.566225,Trinidad and Tobago,54.402,45.598
472,2008,TWN,976,1913.0,21.7,Taiwan,73.74600000000001,26.254
473,2008,UGA,1,98.03832499999999,24.063866666666666,Uganda,18.384,81.615997
474,2008,URY,1,73.60020833333333,18.318391666666667,Uruguay,93.99799999999999,6.0019999
475,2008,USA,5,56.418325,7.006916666666666,United States,80.438,19.562
476,2008,VEN,3,181.14066666666668,25.698216666666667,Venezuela,88.031,11.969000000000001
477,2008,VNM,32,167.80387499999998,23.950883333333334,Vietnam,29.128,70.872002
478,2008,YEM,3,14.368537499999997,23.347849999999998,Yemen,30.619,69.380997
479,2009,ARG,3,41.04019999999999,14.875953333333333,Argentina,90.691,9.309
480,2009,ATG,1,180.55985,25.850624999999994,Antigua and Barbuda,26.818,73.181999
481,2009,AUS,3,38.28921666666666,22.23705,Australia,85.06299999999999,14.937000000000001
482,2009,BGD,8,164.03466166666664,26.122975,Bangladesh,29.709,70.291
483,2009,BLZ,1,138.56410833333334,25.838291666666667,Belize,45.245,54.755001
484,2009,BOL,1,99.9437416666667,20.85885,Bolivia,65.984,34.015999
485,2009,BRA,15,160.88258333333334,25.568141666666666,Brazil,84.044,15.956
486,2009,CAF,5,109.20118583333333,25.99523333333333,Central African Republic,38.694,61.306000000000004
487,2009,CMR,3,118.06774166666666,25.397775,Cameroon,50.95399999999999,49.046001000000004
488,2009,COL,7,207.66233333333335,24.655941666666667,Colombia,77.587,22.413
489,2009,CUB,1,98.23144166666668,25.545516666666668,Cuba,76.505,23.495001000000002
490,2009,FRA,4,66.61091666666668,12.742286666666667,France,78.117,21.882998999999998
491,2009,GLP,2,240.86465833333332,24.999341666666666,Guadeloupe,98.406,1.594
492,2009,GRC,5,70.65360833333332,14.640313333333337,Greece,75.932,24.068001000000002
493,2009,GUF,1,205.99831666666662,26.048874999999995,French Guiana,82.583,17.417
494,2009,IDN,30,242.81974999999997,26.184375,Indonesia,49.13399999999999,50.866001000000004
495,2009,IND,34,76.88583833333334,25.191999999999997,India,30.587,69.413002
496,2009,ISR,2,17.55145916666667,20.72961666666666,Israel,91.76299999999999,8.2370005
497,2009,LAO,12,141.378445,141.378445,Laos,29.475,70.525002
498,2009,LKA,1,132.93567499999997,27.349975,Sri Lanka,18.242,81.758003
499,2009,MDG,16,116.79818333333333,25.968875000000008,Madagascar,31.301,68.69899699999999
500,2009,MEX,51,55.251834166666676,21.534333333333333,Mexico,77.52,22.48
501,2009,MTQ,32,226.0583333333333,25.288058333333336,Martinique,89.09100000000001,10.909
502,2009,MYS,41,287.63575,25.771741666666667,Malaysia,70.075,29.924999
503,2009,NCL,1,157.51862500000001,22.261733333333336,New Caledonia,66.624,33.375999
504,2009,PAK,7,23.09146166666667,20.959116666666667,Pakistan,34.793,65.207001
505,2009,PER,2,133.97954166666668,19.8563,Peru,76.241,23.759001
506,2009,PRY,6,93.49708333333335,23.79655,Paraguay,58.937,41.063
507,2009,PYF,1,116.32084166666664,24.996349999999996,French Polynesia,59.742,40.257999
508,2009,SAU,2,4.50485,25.89078333333333,Saudi Arabia,81.867,18.132998999999998
509,2009,SDN,4,29.55707,28.64655833333333,Sudan,32.993,67.00700400000001
510,2009,SEN,1,67.2628775,28.399199999999997,Senegal,43.358999999999995,56.640999
511,2009,SGP,3,194.17509166666665,28.10615,Singapore,100.0,0.0
512,2009,SRB,1,69.68714999999999,11.685639166666666,Serbia,54.772,45.228001
513,2009,THA,21,131.7415375,26.579325,Thailand,42.543,57.457001
514,2009,TTO,1,121.359625,26.828633333333332,Trinidad and Tobago,54.213,45.786999
515,2009,TWN,1006,2128.0,22.0,Taiwan,74.219,25.781
516,2009,UGA,2,97.48723333333334,24.733316666666667,Uganda,18.878,81.122002
517,2009,USA,3,56.707316666666664,7.165007499999999,United States,80.60600000000001,19.393998999999997
518,2009,VEN,13,126.17955,25.9717,Venezuela,88.057,11.943
519,2009,VNM,2,144.29308333333333,24.724683333333335,Vietnam,29.761999999999997,70.237999
520,2010,ARG,6,43.804966666666665,14.368443333333332,Argentina,90.84899999999999,9.151
521,2010,AUS,2,54.88021666666666,21.573808333333332,Australia,85.182,14.818
522,2010,BEL,1,74.479325,9.28421,Belgium,97.65100000000001,2.349
523,2010,BIH,1,131.923925,10.179721666666666,Bosnia and Herzegovina,45.558,54.442001
524,2010,BRA,2,146.54265833333335,25.82464166666667,Brazil,84.335,15.665
525,2010,CAF,5,116.1094575,26.087308333333336,Central African Republic,38.904,61.096001
526,2010,CHE,1,123.31198333333332,6.4651125,Switzerland,73.607,26.393
527,2010,CHN,11,51.147791666666656,6.9967250000000005,China,49.226000000000006,50.773998
528,2010,CIV,2,144.82826666666665,27.113950000000003,Cote d'Ivoire,47.33,52.669998
529,2010,COL,2,253.32914166666663,24.853333333333335,Colombia,77.964,22.035999
530,2010,CUB,15,129.725925,25.042541666666665,Cuba,76.597,23.403000000000002
531,2010,DZA,1,7.591168333333332,24.135575,Algeria,67.54,32.459998999999996
532,2010,ESP,3,65.60629166666666,13.526903333333332,Spain,78.442,21.558001
533,2010,FRA,11,69.63224166666666,11.611069166666667,France,78.369,21.631001
534,2010,GAB,3,147.69541666666666,25.482725,Gabon,85.53299999999999,14.467
535,2010,GRC,6,57.09410583333334,15.10655,Greece,76.292,23.708000000000002
536,2010,GUM,1,547.6940916666667,27.404075000000002,Guam,94.09899999999999,5.901
537,2010,HRV,5,120.69339166666667,10.978010833333334,Croatia,55.155,44.845001
538,2010,HTI,14,166.28151666666668,24.297958333333337,Haiti,47.50899999999999,52.491001000000004
539,2010,IDN,94,300.4484166666667,26.228925,Indonesia,49.913999999999994,50.085999
540,2010,IND,11,95.5394025,25.149258333333336,India,30.93,69.07
541,2010,ITA,45,87.50491666666666,12.253107499999999,Italy,68.327,31.673000000000002
542,2010,KEN,5,53.88481666666666,25.394591666666667,Kenya,23.570999999999998,76.429001
543,2010,KNA,1,235.37900000000002,25.302066666666665,Saint Kitts and Nevis,31.322,68.678001
544,2010,KOR,1,130.8846833333333,11.232129166666668,South Korea,81.936,18.063999
545,2010,LAO,13,139.86161666666666,139.86161666666666,Laos,30.064,69.935997
546,2010,LBN,11,33.112789166666666,17.980574999999998,Lebanon,87.334,12.665999999999999
547,2010,LKA,5,146.23195833333332,27.53793333333333,Sri Lanka,18.226,81.774002
548,2010,MDG,4,110.70987500000001,24.538891666666668,Madagascar,31.938000000000002,68.061996
549,2010,MEX,27,67.31749416666666,20.749575,Mexico,77.815,22.184998999999998
550,2010,MHL,1,209.05929166666667,27.603849999999998,Marshall Islands,73.568,26.431998999999998
551,2010,MLT,1,35.407075,19.306625000000004,Malta,94.072,5.928
552,2010,MNE,2,136.36203333333333,9.66325,Montenegro,64.14,35.860001000000004
553,2010,MYS,6,264.17383333333333,25.896675000000002,Malaysia,70.91199999999999,29.087999
554,2010,MYT,8,116.91563583333334,26.979133333333333,Mayotte,48.95399999999999,51.046001000000004
555,2010,NLD,4,66.10554166666667,8.954116666666666,Netherlands,87.134,12.866
556,2010,NPL,4,101.95292416666666,13.689187500000003,Nepal,16.768,83.23200200000001
557,2010,PAK,17,31.841605,21.098071666666666,Pakistan,34.997,65.002998
558,2010,PRI,9,268.1810666666667,25.455074999999997,Puerto Rico,93.825,6.1750002
559,2010,REU,1,190.82659166666667,31.520800000000005,Reunion,98.501,1.499
560,2010,SAU,3,5.12892,26.534033333333337,Saudi Arabia,82.084,17.916
561,2010,SDN,1,39.34664166666666,28.945625000000003,Sudan,33.089,66.91100300000001
562,2010,SEN,9,76.77745666666667,29.162891666666667,Senegal,43.773,56.227001
563,2010,SGP,20,210.1629333333333,28.20701666666667,Singapore,100.0,0.0
564,2010,SVN,1,131.99158333333332,9.224443333333332,Slovenia,52.658,47.341999
565,2010,THA,37,128.54774999999998,27.18048333333333,Thailand,43.856,56.144001
566,2010,TTO,2,159.75913166666666,27.082108333333327,Trinidad and Tobago,54.025,45.974998
567,2010,TWN,1750,1969.7,21.7,Taiwan,74.687,25.313000000000002
568,2010,UGA,3,118.93961666666667,24.237199999999998,Uganda,19.383,80.616997
569,2010,USA,2,55.64609166666667,7.557492500000001,United States,80.77199999999999,19.228001000000003
570,2010,VEN,12,202.01606666666666,26.164575,Venezuela,88.083,11.917
571,2010,VNM,7,135.33599166666667,24.99546666666667,Vietnam,30.416999999999998,69.583
572,2011,ARG,3,43.09385833333332,14.644876666666667,Argentina,90.99,9.010000199999999
573,2011,BGR,1,40.32506166666667,10.943058333333331,Bulgaria,72.638,27.362
574,2011,BRA,2,152.69834166666666,25.532791666666665,Brazil,84.631,15.369000000000002
575,2011,CHN,10,43.161105,6.864008333333332,China,50.511,49.488997999999995
576,2011,COG,6,137.154225,24.790025,Congo,63.711999999999996,36.287997999999995
577,2011,COL,3,264.2591666666667,24.635050000000003,Colombia,78.335,21.665001
578,2011,CUB,1,116.06385833333333,25.51533333333333,Cuba,76.689,23.311001
579,2011,DEU,2,55.49384166666667,10.227294166666669,Germany,77.16,22.84
580,2011,FRA,3,58.975766666666665,13.376745833333333,France,78.622,21.378
581,2011,IDN,20,254.83016666666663,25.870533333333338,Indonesia,50.595,49.404999
582,2011,IND,9,92.92321916666667,24.548658333333336,India,31.276,68.72399899999999
583,2011,ITA,17,66.93897499999999,13.001087499999997,Italy,68.444,31.555999999999997
584,2011,KOR,5,123.28886666666666,10.972618333333335,South Korea,81.92299999999999,18.077
585,2011,LAO,2,185.41903333333335,185.41903333333335,Laos,30.66,69.339996
586,2011,LKA,1,136.6257916666667,27.30255,Sri Lanka,18.211,81.789001
587,2011,MEX,26,56.83990000000001,21.541458333333335,Mexico,78.111,21.889
588,2011,MYS,4,289.808,25.638299999999997,Malaysia,71.609,28.391001
589,2011,MYT,2,148.25717500000002,26.79274166666667,Mayotte,48.541000000000004,51.458999999999996
590,2011,NCL,1,166.94233333333332,22.388791666666666,New Caledonia,67.565,32.435001
591,2011,NGA,2,76.64560833333333,27.420399999999997,Nigeria,44.36600000000001,55.633998999999996
592,2011,PHL,2,271.1042833333333,25.70981666666667,Philippines,45.522,54.478001
593,2011,REU,1,180.7022166666666,31.837091666666666,Reunion,98.743,1.2570000000000001
594,2011,RUS,1,36.90866666666667,-4.092638333333333,Russia,73.732,26.268
595,2011,SEN,3,56.232213333333334,28.655083333333337,Senegal,44.188,55.812
596,2011,THA,3,154.937425,26.066775000000003,Thailand,44.698,55.301998
597,2011,TON,2,158.63300000000004,25.381525,Tonga,23.443,76.556999
598,2011,TUR,3,50.73570833333333,11.132964999999997,Turkey,71.402,28.598000000000003
599,2011,TWN,3010,2263.2,22.1,Taiwan,75.149,24.851
600,2011,USA,2,56.498275,7.576748333333332,United States,80.944,19.055999999999997
601,2012,ARG,5,48.664962499999994,15.00546166666667,Argentina,91.12100000000001,8.8789997
602,2012,AUT,1,98.96335833333332,7.553608333333333,Austria,57.147,42.853001
603,2012,BRN,4,289.5479166666667,25.698966666666667,Brunei,75.656,24.344
604,2012,CZE,1,55.631483333333335,9.062615833333332,Czech Republic,73.197,26.802999
605,2012,DEU,1,58.51025833333333,9.557204999999998,Germany,77.17,22.83
606,2012,ESP,4,42.36454,13.89533666666667,Spain,78.902,21.098000000000003
607,2012,FRA,16,71.26836666666668,12.75058,France,78.878,21.122
608,2012,GRC,5,56.06098166666666,14.974655,Greece,77.00399999999999,22.996
609,2012,IDN,50,252.98175000000006,26.043758333333333,Indonesia,51.276,48.723999
610,2012,ITA,2,71.07597499999999,12.857541666666664,Italy,68.684,31.316
611,2012,JPN,2,143.003075,11.192657500000001,Japan,91.148,8.852000199999999
612,2012,LKA,2,144.61228333333332,27.486383333333336,Sri Lanka,18.195999999999998,81.804001
613,2012,MEX,1,58.72975833333333,21.592716666666664,Mexico,78.405,21.594998999999998
614,2012,NLD,1,69.28251666666667,10.183468333333332,Netherlands,88.588,11.412
615,2012,ROM,1,51.040200000000006,10.265744166666666,Romania,53.974,46.026001
616,2012,TWN,2019,2449.2,21.6,Taiwan,75.60300000000001,24.396998999999997
617,2012,USA,1,52.924083333333336,8.217144166666666,United States,81.119,18.881001
618,2013,ARG,2,40.92724166666667,14.918502499999997,Argentina,91.249,8.7510004
619,2013,BRA,4411,147.0799,25.730858333333334,Brazil,85.209,14.790999999999999
620,2013,ESP,1,55.81323333333333,13.703829166666665,Spain,79.133,20.867001000000002
621,2013,IDN,12,257.17833333333334,26.27949166666667,Indonesia,51.955,48.044998
622,2013,ITA,10,82.28127500000001,12.615858333333334,Italy,68.979,31.021
623,2013,PER,13,126.76978333333334,19.474541666666667,Peru,76.98899999999999,23.011
624,2013,SVK,1,65.04640833333333,8.746543333333333,Slovakia,54.14,45.860001000000004
625,2013,TWN,2588,2744.0,22.2,Taiwan,76.04899999999999,23.951
626,2013,USA,9,59.18131666666667,7.310817499999998,United States,81.29899999999999,18.701
627,2013,ZMB,1,82.162935,22.033725000000004,Zambia,40.865,59.134997999999996
628,2014,BRA,3276,145.524375,25.833583333333333,Brazil,85.492,14.508
629,2014,CHN,3,45.844503333333336,6.941347500000003,China,54.25899999999999,45.741001000000004
630,2014,IDN,5,219.5105,26.202766666666665,Indonesia,52.635,47.365002000000004
631,2014,USA,7,57.44861666666667,7.725200833333333,United States,81.483,18.517
